,,,,,,,,,,,,,,,,,,,,,,,,,,,,,,,,,,,,,,,,,,,,,,,,,,,,,,,,,,,,,,,,,,,,,
,,,,,,,,,,,,,,,,,,,,,,,,,,,,,,,,,,,,,,,,,,,,,H7,H7,H7,H7,H7,H7,H7,H7,H7,H7,,,,,,,,,,,,,,,
,,,,,,,,,,,,,,,,,,,,,,,,,,,,,,,,,,,,,,,,,H7,H7,H7,H7,E16,E16,E16,E16,H7,H7,H7,H7,H7,H7,H7,H7,H7,H7,,,,,,,,,,,
,,,,,,,,,,,,,,,,,,,,,,,,,,,,,,,,,,,,,,,H7,H7,E16,E16,E16,E16,E16,E16,E16,E16,E16,E16,H7,H7,H7,H7,E16,E16,E16,E16,H7,H7,,,,,,,,,
,,,,,,,,,,,,,,,,,,,,,,,,,,,,,,,,,,,,,H7,H7,E16,E16,E16,E16,E16,E16,E16,E16,E16,E16,E16,E16,E16,E16,E16,E16,E16,E16,E16,E16,E16,E16,H7,H7,,,,,,,
,,,,,,,,,,,,,,,,,,,,,,,,,,,,,,,,,,,,H7,H7,E16,E16,E16,E16,E16,E16,H7,H7,H7,H7,H7,H7,H7,H7,H7,H7,H7,H7,H7,H7,H7,H7,E16,E16,E16,H7,H7,,,,,
,,,,,,,,,,,,,,,,,,,,,,,,,,,,,,,,,,,H7,H7,E16,E16,E16,E16,H7,H7,H7,C18,H7,H7,H7,H7,H7,H7,H7,H7,H7,E21,E21,E21,E21,E21,E21,E21,H7,E16,E16,H7,H7,,,,
,,,,,,,,,,,,,,,,,,,,,,,,,,,,,,,,,,,H7,E16,E16,E16,H7,H7,C18,C18,H7,C18,H7,E21,E21,E21,E21,E21,E21,E21,E21,H7,H7,H7,E21,E21,E21,E21,E21,E21,E21,E16,H7,H7,,,
,,,,,,,,,,,,,,,,,,,,,,,,,,,,,,,,,,H7,H7,E16,E16,H7,H7,C18,H7,C18,H7,C18,H7,E21,E21,E21,H7,H7,H7,E21,E21,E21,E21,E21,H7,E21,H7,H7,H7,H7,H7,H7,H7,,,,
,,,,,,,,,,,,,,,,,,,,,,,,,,,,,,,,,,H7,E16,E16,H7,E21,H7,C18,H7,C18,H7,C18,H7,E21,E21,H7,H7,H7,H7,E21,E21,E21,H7,E21,H7,H7,,,,,,,,,,,
,,,,,,,,,,,,,,,,,,,,,,,,,,,,,,,,,,,H7,E21,E21,H7,H7,C18,H7,C18,H7,C18,H7,E21,E21,H7,H7,H7,H7,E21,E21,H7,H7,E21,H7,,,,,,,,,,,,
,,,,,,,,,,,,,,,,,,,,,,,,,,,,,,,,,,,,H7,H7,H7,C12,H7,C18,H7,H7,C18,H7,E16,E16,H7,H7,H7,H7,E16,E16,H7,H7,E16,H7,,,,,,,,,,,,
,,,,,,,,,,,,,,,,,,,,,,,,,,,,,,,,,,,,,H7,C12,C12,C12,H7,H7,C18,H7,H7,E16,E16,E16,H7,H7,H7,E16,E16,H7,H7,E16,H7,,,,,,,,,,,,
,,,,,,,,,,,,,,,,,,,,,,,,,,,,,,,,,,,,,H7,C12,C12,C12,C12,H7,H7,H7,H7,E16,E16,E16,H7,H7,E16,E16,E16,E16,H7,E16,H7,,,,,,,,,,,,
,,,,,,,,,,,,,,,,,,,,,,,,,,,,,,,,,,,,H7,C12,C12,C12,C12,C12,C12,H7,H7,H7,H7,E16,E16,E16,E16,E16,E16,E16,E16,E16,H7,,,,,,,,,,,,,
,,,,,,,,,,,,,,,,,,,,,,,,,,,,,,,,,,,,H7,H7,H7,C12,C12,C12,C12,C12,H7,H7,H7,H7,E16,E16,E16,E16,E16,E16,E16,E16,H7,,,,,,,,,,,,,
,,,,,,,,,,,,,,,,,,,,,,,,,,,,,,,,,H7,H7,H7,H7,H7,H7,C12,C12,C12,C12,H7,E23,E23,E23,H7,H7,H7,H7,H7,H7,H7,H7,H7,,,,,,,,,,,,,,
,,,,,,,,,,,,,,,,,,,,,,,,,,,,,,,H7,H7,H7,H7,H7,H7,H7,C12,C12,C12,C12,C12,H7,E23,E23,E23,E23,E23,E23,E23,H7,H7,,,,,,,,,,,,,,,,,
,,,,,,,,,,,,,,,,,,,,,,,,,,,,,H7,H7,H7,,,,H7,H7,H7,H7,C12,C12,C12,H7,E23,E23,E23,E23,E23,E23,E23,E23,H7,H7,,,,,,,,,,,,,,,,,
,,,,,,,,,,,,,,,,,,,,,,,,,,,,,H7,H7,H7,H7,H7,H7,H7,H7,H7,H7,H7,H7,H7,H7,E23,E23,E23,E23,E23,E23,E23,E23,H7,H7,,,,,,,,,,,,,,,,,
,,,,,,,,,,,,,,,,,,,,,,,,,,,,,,H7,H7,H7,H7,H7,H7,H7,H7,H7,H7,H7,H7,H7,E23,E23,E23,E23,H7,H7,H7,H7,H7,H7,,,,,,,,,,,,,,,,,
,,H7,H7,H7,H7,H7,H7,H7,H7,H7,H7,H7,H7,H7,H7,H7,H7,H7,H7,H7,H7,H7,H7,H7,H7,H7,H7,H7,H7,H7,H7,H7,H7,H7,H7,C12,C12,C12,C12,H7,H7,H7,H7,E23,E23,H7,E23,E23,E23,E23,E23,H7,H7,,,,,,,,,,,,,,,,
,H7,H7,H7,C12,H7,H7,H7,H7,H7,H7,H7,H7,H7,H7,,,,H7,H7,H7,H7,H7,H7,H7,H7,H7,,,,H7,H7,H7,H7,H7,H7,C12,C12,C12,C12,C12,H7,H7,H7,H7,H7,E23,E23,E23,E23,E23,E23,E23,H7,H7,,,,,,,,,,,,,,,
,H7,,H7,C12,H7,,,,,H7,,,,,H7,,H7,,,,,H7,,,,,H7,,H7,,,,,H7,H7,C12,C12,C12,C12,C12,H7,H7,H7,H7,H7,E23,E23,E23,E23,E23,E23,E23,E23,H7,,,,,,,,,,,,,,,
,H7,,H7,C12,H7,,H7,H7,,H7,,H7,H7,,H7,,H7,,H7,H7,,H7,,H7,H7,,H7,,H7,,H7,H7,,H7,,H7,C12,C12,C12,C12,H7,H7,H7,H7,H7,H7,E23,E23,E23,E23,E23,E23,E23,H7,H7,,,,,,,,,,,,,,
,,,H7,C12,H7,,H7,,H7,H7,H7,,H7,,H7,,H7,,H7,,H7,H7,H7,,H7,,H7,,H7,,H7,,H7,H7,H7,H7,C12,C12,C12,C12,H7,H7,H7,H7,H7,E23,E23,E23,E23,E23,E23,E23,E23,E23,H7,,,,,,,,,,,,,,
,,,H7,C12,H7,H7,H7,,H7,,H7,,H7,H7,H7,,H7,H7,H7,,H7,,H7,,H7,H7,H7,,H7,H7,H7,,H7,,H7,H7,H7,C12,C12,C12,H7,H7,E23,H7,H7,E23,E23,E23,E23,E23,E23,E23,E23,E23,H7,H7,H7,,,,,,,,,,,,
,,,H7,C12,H7,,H7,H7,,,,H7,H7,,,,,,H7,H7,,,,H7,H7,,,,,,H7,H7,,,,H7,H7,H7,C12,C12,H7,E23,E23,E23,E23,E23,E23,E23,E23,H7,H7,H7,H7,H7,H7,H7,H7,H7,H7,,,,,,,,,,
,,,H7,C12,H7,,,H7,,,,H7,,,,,,,,H7,,,,H7,,,,,,,,H7,,,,,H7,H7,H7,H7,H7,E23,E23,E23,E23,E23,E23,E23,H7,H7,E23,E23,E23,E23,H7,H7,,H7,H7,H7,H7,H7,H7,,,,,,
,,,H7,C12,H7,,H7,H7,,,,H7,H7,,,,,,H7,H7,,,,H7,H7,,,,,,H7,H7,,,,H7,H7,H7,C12,C12,H7,H7,E23,E23,E23,E23,E23,H7,H7,E23,E23,E23,E23,E23,H7,H7,,,,,H7,H7,H7,H7,,,,,
,,,H7,C12,H7,H7,,H7,,,,H7,,H7,,,,H7,,H7,,,,H7,,H7,,,,H7,,H7,,,,H7,,H7,C12,C12,C12,H7,E23,E23,E23,E23,H7,H7,E23,E23,E23,E23,E23,E23,H7,,,H7,H7,H7,H7,H7,H7,H7,H7,,,,
,,,H7,C12,H7,H7,H7,H7,,,,H7,H7,H7,H7,,H7,H7,H7,H7,,,,H7,H7,H7,H7,,H7,H7,H7,H7,,,,H7,H7,H7,H7,C12,C12,H7,H7,E23,E23,H7,H7,E23,E23,E23,E23,E23,E23,E23,H7,H7,H7,H7,H7,H7,H7,H7,H7,H7,H7,H7,,,
,,,H7,C12,H7,,,H7,H7,H7,H7,H7,,,H7,,H7,,,H7,H7,H7,H7,H7,,,H7,,H7,,,H7,H7,H7,H7,,,,H7,H7,C12,C12,H7,H7,E23,H7,E23,E23,E23,E23,E23,E23,E23,H7,H7,H7,H7,H7,H7,H7,H7,H7,,H7,H7,H7,H7,,
,,,H7,C12,H7,H7,H7,H7,,,,H7,H7,H7,,,,H7,H7,H7,,,,H7,H7,H7,,,,H7,H7,H7,,,,H7,H7,H7,,,H7,H7,C12,H7,H7,H7,E23,E23,E23,E23,E23,E23,H7,H7,H7,H7,,,H7,H7,H7,H7,,,H7,H7,H7,,
,,,H7,C12,H7,H7,H7,H7,H7,H7,H7,H7,H7,H7,H7,H7,H7,H7,H7,H7,H7,H7,H7,H7,H7,H7,H7,H7,H7,H7,H7,H7,H7,H7,H7,H7,H7,H7,H7,H7,H7,H7,H7,H7,H7,H7,H7,H7,H7,H7,H7,H7,H7,H7,H7,H7,H7,H7,H7,H7,,,,,H7,H7,,,
,,,H7,C12,C12,C12,C12,C12,C12,C12,C12,C12,C12,C12,C12,C12,C12,C12,C12,C12,C12,C12,C12,C12,C12,C12,C12,C12,C12,C12,C12,C12,C12,C12,C12,C12,C12,C12,C12,C12,C12,C12,C12,C12,C12,C12,C12,C12,C12,C12,C12,C12,C12,C12,C12,H7,H7,H7,H7,,,,,H7,H7,,,,
,,,H7,C12,H7,H7,H7,C12,H7,H7,H7,H7,H7,H7,H7,H7,H7,H7,H7,H7,H7,H7,H7,H7,H7,H7,H7,H7,H7,H7,H7,H7,H7,H7,H7,H7,H7,H7,H7,H7,H7,H7,H7,H7,H7,H7,H7,H7,H7,H7,H7,C12,H7,H7,H7,H7,H7,H7,,,,,,,,,,,
,,,H7,C12,H7,,H7,C12,H7,,,,,,,,,,,,,,,,,,,,,,,,,,,,,,,,,,,,,,,,,,H7,C12,H7,,H7,H7,H7,H7,H7,,,,,,,,,,
,,,H7,C12,H7,,H7,C12,H7,,,,,,,,,,,,,,,,,,,,,,,,,,,,,,,,,,,,,,,,,,H7,C12,H7,,H7,C12,H7,H7,H7,,,,,,,,,,
,,,H7,C12,H7,,H7,C12,H7,,,,,,,,,,,,,,,,,,,,,,,,,,,,,,,,,,,,,,,,,,H7,C12,H7,,H7,C12,H7,H7,H7,H7,,,,,,,,,
,,,H7,C12,H7,,H7,C12,H7,,,,,,,,,,,,,,,,,,,,,,,,,,,,,,,,,,,,,,,,,,H7,C12,H7,,H7,C12,H7,H7,H7,H7,,,,,,,,,
,,,H7,C12,H7,,H7,C12,H7,,,,,,,,,,,,,,,,,,,,,,,,,,,,,,,,,,,,,,,,,,H7,C12,H7,,H7,C12,H7,,H7,H7,H7,,,,,,,,
,,,H7,C12,H7,,H7,C12,H7,,,,,,,,,,,,,,,,,,,,,,,,,,,,,,,,,,,,,,,,,,H7,C12,H7,,H7,C12,H7,,,H7,H7,,,,,,,,
,,,H7,C12,H7,,H7,C12,H7,,,,,,,,,,,,,,,,,,,,,,,,,,,,,,,,,,,,,,,,,,H7,C12,H7,,H7,C12,H7,,,,H7,H7,,,,,,,
,,H7,C12,C12,H7,,H7,C12,H7,,,,,,,,,,,,,,,,,,,,,,,,,,,,,,,,,,,,,,,,,,H7,C12,H7,,H7,C12,C12,H7,,,,H7,H7,,,,,,
,,H7,H7,H7,H7,,H7,H7,H7,,,,,,,,,,,,,,,,,,,,,,,,,,,,,,,,,,,,,,,,,,H7,H7,H7,,H7,H7,H7,H7,,,,,H7,H7,,,,,
,,,,,,,,,,,,,,,,,,,,,,,,,,,,,,,,,,,,,,,,,,,,,,,,,,,,,,,,,,,,,,,,,,,,,
