,,,,,,,,,,,,,,,,,,,,,,,,,,,,,,,,,,,,,,,,,,,,,,,H7,H7,,,,,,,,,,
,,,,,,,,,,,,,,,,,,,,,,,,,,,,,,,,,,,,,H7,H7,,,,,,,H7,H7,H7,H7,H7,H7,,,,,,,,
,,,,,,,,,,,,,,,,,,,,,,,,,,,,,,,,,,,,,H7,E20,H7,,,,,H7,H7,H7,H7,H7,H7,H7,,,,,,,,
,,,,,,,,,,,,,,,,,,,,,,,,,,,,,,,,,,,,,H7,E20,H7,H7,,,,H7,H7,,,,H7,H7,,,,,,,,
,,,,,,,,,,,,,,,,,,,,,,,,,,,,,,,,,,,H7,H7,E20,E20,E20,H7,H7,,,H7,H7,,,,H7,,,,,,,,,
,,,,,,,,,,,,,,,,,,,,,,,,,,,,,,,,,,H7,C12,H7,E20,E20,E20,E20,E20,H7,,H7,H7,,,,,,,,,H7,H7,,,
,,,,,,,,,,,,,,,,,,,,,,,,,,,,,,,,,H7,C12,C12,H7,E20,E20,E20,E20,E20,E20,H7,H7,H7,,,,,,,H7,H7,H7,H7,H7,,
,,,,,,,,,,,,,,,,,,,,,,,,,,,,,,,,H7,C12,C12,C12,E20,E20,E20,E20,E20,E20,E20,E20,H7,H7,,,,,,H7,H7,H7,H7,H7,H7,,
,,,,,,,,,,,,,,,,,,,,,,,,,,,,,,,H7,H7,C12,C29,H7,E20,E20,E20,E20,E20,E20,E20,E20,H7,,,,,,,H7,H7,H7,,,H7,,
,,,,,,,,,,,,,,,,,,,,,,,,,,,,,,,H7,C12,C12,C29,H7,E20,E20,E20,E20,E20,E20,E20,H7,H7,H7,,,,,,H7,H7,,,H7,H7,,
,,,,,,,,,,,,,,,,,,,,,,,,,,,,,,,H7,C12,C29,C12,E20,E20,E20,E20,E20,E20,E20,E20,H7,H7,H7,,,,,H7,H7,,,,H7,,,
,,,,,,,,,,,,,,,,,,,,,,,,,,,,,,H7,C12,C29,C12,H7,E20,E20,E20,E20,E20,E20,H7,H7,H7,E20,H7,,,,H7,H7,H7,,,,,,,
,,,,,,,,,,,,,,,,,,,,,,,,,,,,,,H7,C12,C29,C12,H7,E20,E20,E20,E20,H7,H7,H7,H7,E20,E20,H7,H7,H7,H7,H7,H7,,,,,,,,
,,,,,,,,,,,,,,,,,,,,,,,,,,,,,,H7,C12,C12,C12,H7,E20,E20,E20,E20,H7,H7,H7,E20,E20,E20,H7,H7,H7,H7,,,,,,,,,,
,,,,,,,,,,,,,,,,,,,,,,,,,,,,,,H7,C12,C12,C12,C12,E20,E20,E20,E20,E20,E20,E20,E20,E20,E20,H7,,,,,,,,,,,,,
,,,,,,,,,,,,,,,,,,,,,,,,,,,,,,H7,C29,C12,C12,C12,H7,E20,E20,E20,E20,E20,E20,E20,E20,E20,H7,,,,,,,,,,,,,
,,,,,,,,,,,,,,,,,,,,,,,,,,,,,,H7,C29,C12,C12,C12,H7,E20,E20,E20,E20,E20,E20,E20,E20,E20,H7,,,,,,,,,,,,,
,,,,,,,,,,,,,,,,,,,,,,,,,,,,,,H7,C29,C12,C12,H7,,H7,E20,E20,E20,H7,H7,E20,E20,E20,H7,,,,,,,,,,,,,
,,,,,,,,,,,,,,,,,,,,,,,,,,,,,,H7,C29,C12,C12,H7,,H7,E20,E20,E20,H7,H7,E20,E20,E20,H7,,,,,,,,,,,,,
,,,,,,,,,,,,,,,,,,,,,,,,,,,,,,H7,C29,C12,H7,,,,H7,E20,E20,H7,H7,E20,E20,E20,H7,,,,,,,,,,,,,
,,,,,,,,,,,,,,,,,,,,,,,,,,,,,,H7,C29,C12,H7,,,,,H7,E20,E20,E20,E20,E20,E20,E20,H7,,,,,,,,,,,,
,,,,,,,,,,,,,,,,,,,,,,,,,,,,,,H7,C29,C12,H7,,,,,,H7,E20,E20,E20,E20,E20,E20,H7,,,,,,,,,,,,
,,,,,,,,,,,,,,,,,,,,,,,,,,,,,,H7,C12,C12,H7,,,,,,,H7,H7,E20,E20,E20,E20,E20,H7,,,,,,,,,,,
,,,,,,,,,,,,,,,,,,,,,,,,,,,,,,,H7,C29,H7,,,,,,,,,H7,H7,H7,H7,H7,H7,,,,,,,,,,,
,,,,,,,,,,,,,,,,,,,,,,,,,,,,,,,H7,C29,H7,,,,,,,,,,,,,,,,,,,,,,,,,
,,,,,,,,,,,,,,,,,,,,,,,,,,,,,,,H7,C29,C12,H7,,,,,,,,,,,,,,,,,,,,,,,,
,,,,,,,,,,,,,,,,,,,,,,,,,,,,,,,H7,C29,C12,H7,,,,,,,,,,,,,,,,,,,,,,,,
,,,,,,,,,,,,,,,,,,,,,,,,,,,,,,,H7,C29,C12,H7,,,,,,,,,,,,,,,,,,,,,,,,
,,,,,,,,,,,,,,,,,,,,,,,,,,,,,,,,H7,C12,C12,H7,,,,,,,,,,,,,,,,,,,,,,,
,,,,,,,,,,,,,,,,,,,,,,,,,,,,,,,,H7,C12,C12,H7,,,,,,,,,,,,,,,,,,,,,,,
,,,,,,,,,,,,,,,,,,,,,,,,,,,,,,,H7,C12,C12,C12,C12,H7,,,,,,,,,,,,,,,,,,,,,,
,,,,,,,,,,,,,,,,,,,,,,,,,,,,,,,H7,C12,C12,C12,C12,H7,,,,,,,,,,,,,,,,,,,,,,
,,,,,,,,,,,,,,,,,,,,,,,,,,,,,,,H7,H7,H7,C12,H7,H7,,,,,,,,,,,,,,,,,,,,,,
,,,,,,,,,,,,,,,,,,,,,,,,,,,,,,,H7,C12,C12,C12,C12,H7,,,,,,,,,,,,,,,,,,,,,,
,,,,,,,,,,,,,,,,,,,,,,,,,,,,,,,,H7,C12,C12,H7,,,,,,,,,,,,,,,,,,,,,,,
,,,,,,,,,,,,,,,,,,,,,,,,,,,,,,,,H7,C12,C12,H7,,,,,,,,,,,,,,,,,,,,,,,
,,,,,,,,,,,,,,,,,,,,,,,,,,,,,,,,H7,C12,C12,H7,,,,,,,,,,,,,,,,,,,,,,,
,,,,,,,,,,,,,,,,,,,,,,,,,,,,,,,,H7,C12,C12,H7,,,,,,,,,,,,,,,,,,,,,,,
,,,,,,,,,,,,,,,,,,,,,,,,,,,,,,,,H7,C12,C12,H7,,,,,,,,,,,,,,,,,,,,,,,
,,,,,,,,,,,,,,,,,,,,,,,,,,,,,,,,H7,C12,C12,H7,,,,,,,,,,,,,,,,,,,,,,,
,,,,,,,,,,,,,,,,,,H7,H7,H7,H7,H7,H7,H7,H7,H7,H7,H7,,,H7,C12,C12,C12,H7,,,,,,,,,,,,,,,,,,,,,,,
,,,,,,,,,,,,,,,,H7,H7,F9,F9,F9,F9,F9,F9,F9,F9,H7,H7,F9,H7,H7,H7,C12,C12,C12,H7,,,,,,,,,,,,,,,,,,,,,,,
,,,,,,,,,,,,,,H7,H7,F9,F9,F7,F7,F7,F7,F7,F7,F7,F7,F9,F9,H7,F9,H7,C12,C29,C12,C12,H7,,,,,,,,,,,,,,,,,,,,,,,
,,,,,,,,,,,,H7,H7,F9,F7,F7,F7,F7,F7,F7,F7,F7,F7,F7,F7,F7,F7,F7,H7,H7,C12,C12,C12,C12,H7,,,,,,,,,,,,,,,,,,,,,,,
,,,,,,,,,,,H7,F9,F9,F7,F7,F7,F7,F7,F7,F7,F7,F7,F7,F7,F7,F7,F7,H7,C12,C12,C29,C12,C12,C12,H7,,,,,,,,,,,,,,,,,,,,,,,
,,,,,,,,,,H7,F9,F9,F7,F7,F7,F7,F7,F7,F7,F7,F7,F7,F7,F7,F7,H7,H7,H7,C12,C29,C12,C12,C12,C12,H7,,,,,H7,H7,,,,,,,,,,,,,,,,,
,,,,,,,,,,H7,F9,F7,F7,F7,F7,F7,F7,F7,F7,F7,F7,F7,H7,H7,C29,C29,C29,C29,H7,C29,C12,C12,C12,C12,H7,,,,,H7,H7,,,,,,,,,,,,,,,,,
,,,,,,,,,H7,F9,F7,F7,F7,F7,F7,F7,F7,F7,F7,F7,H7,H7,C29,C29,H7,H7,H7,H7,H7,H7,C12,C12,C12,H7,,,,,H7,H7,H7,H7,,,,,,,,,,,,,,,,
,,,,,,,,,H7,F9,F7,F7,F7,F7,F7,F7,F7,F7,F7,H7,C29,H7,C29,C29,H7,H7,H7,H7,H7,H7,H7,H7,C12,H7,,,,H7,H7,H7,H7,H7,,,,,,,,,,,,,,,,
,,,,,,,,H7,F9,F7,F7,F7,F7,H7,F7,F7,F7,H7,C29,C29,C29,H7,C29,C29,H7,H7,H7,H7,H7,H7,H7,H7,H7,H7,,,H7,H7,H7,H7,H7,H7,,,,,,,,,,,,,,,,
,,,,,,,,H7,F9,F7,F7,F7,H7,H7,F7,H7,H7,C29,C29,C29,C29,C29,H7,C29,H7,H7,H7,C29,C29,C29,H7,H7,H7,H7,,H7,H7,H7,H7,H7,H7,H7,,,,,,,,,,,,,,,,
,,,,,,,,H7,F9,F7,F7,F7,H7,H7,H7,C29,H7,C29,C29,C29,C29,C29,H7,C29,H7,H7,H7,C29,C29,C29,C29,H7,H7,H7,H7,H7,H7,H7,,H7,H7,H7,,,,,,,,,,,,,,,,
,H7,H7,,,,,,H7,F7,F7,F7,F7,H7,H7,H7,C29,H7,C29,C29,C29,C29,C29,C29,H7,H7,H7,C29,C29,C29,C29,C29,H7,,H7,H7,H7,,,,,H7,H7,,,,,,,,,,,,,,,,
,H7,H7,H7,,,,H7,F9,F7,F7,F7,F7,H7,H7,H7,C29,H7,C29,C29,C29,C29,C29,C29,C29,H7,H7,C29,C29,C29,C29,H7,H7,H7,H7,H7,H7,,,,,H7,H7,,,,,,,,,,,,,,,,
,H7,H7,H7,H7,,,H7,F9,F7,F7,F7,H7,H7,H7,H7,C29,C29,H7,C29,C29,C29,C29,C29,C29,H7,H7,H7,C29,C29,H7,H7,H7,H7,,,H7,,,,H7,H7,,,,,,,,,,,,,,,,,
,H7,H7,H7,H7,H7,H7,H7,F9,F7,F7,H7,H7,H7,H7,H7,H7,C29,H7,C29,C29,C29,C29,C29,H7,H7,C29,C29,H7,H7,H7,H7,H7,,,,H7,H7,,,H7,H7,,,,,,,,,,,,,,,,,
,H7,H7,H7,H7,H7,H7,H7,H7,F7,F7,C29,C29,H7,H7,H7,H7,H7,C29,H7,C29,C29,C29,C29,H7,C29,C29,H7,H7,H7,H7,H7,H7,,,,,H7,,,H7,H7,,,,,,,,,,,,,,,,,
,H7,H7,H7,,H7,H7,H7,H7,H7,H7,H7,H7,H7,H7,C29,C29,H7,H7,C29,H7,C29,C29,C29,C29,H7,H7,H7,H7,H7,H7,H7,H7,,,,,,,H7,H7,,,,,,,,,,,,,,,,,,
,H7,H7,H7,,,,,H7,F7,F7,H7,H7,H7,H7,H7,C29,C29,H7,H7,H7,H7,H7,H7,H7,H7,H7,H7,H7,H7,H7,H7,,,,,,,,H7,,,,,,,,,,,,,,,,,,,
,,H7,H7,,,,,H7,F9,F7,H7,,H7,H7,H7,H7,H7,H7,H7,H7,H7,H7,,,,,,,,H7,H7,,,,,,,,,,,,,,,,,,,,,,,,,,,
,,H7,H7,,,,,,H7,H7,,,H7,H7,,,,,,,H7,H7,,,,,,,H7,H7,H7,,,,,,,,,,,,,,,,,,,,,,,,,,,
,,,H7,H7,,,,,H7,H7,,,H7,H7,,,,,,H7,H7,H7,,,,,,,H7,H7,,,,,,,,,,,,,,,,,,,,,,,,,,,,
,,,H7,H7,,,,,,,,,,H7,,,,,,H7,H7,H7,,,,,,,H7,H7,,,,,,,,,,,,,,,,,,,,,,,,,,,,
,,,,H7,H7,,,,,,,,,H7,,,,,,H7,H7,,,,,,,H7,H7,,,,,,,,,,,,,,,,,,,,,,,,,,,,,
,,,,H7,H7,,,,,,,,,H7,H7,,,,,H7,H7,,,,,,,H7,H7,,,,,,,,,,,,,,,,,,,,,,,,,,,,,
,,,,,H7,,,,,,,,,H7,H7,,,,H7,H7,,,,,,,,H7,,,,,,,,,,,,,,,,,,,,,,,,,,,,,,
,,,,,H7,H7,,,,,,,,,H7,,,,H7,H7,,,,,,,H7,H7,,,,,,,,,,,,,,,,,,,,,,,,,,,,,,
,,,,,,H7,,,,,,,,,H7,,,,H7,,,,,,,,H7,H7,,,,,,,,,,,,,,,,,,,,,,,,,,,,,,
,,,,,,H7,,,,,,,,,H7,,,,H7,,,,,,,,H7,,,,,,,,,,,,,,,,,,,,,,,,,,,,,,,
,,,,,,,,,,,,,,,,,,,H7,,,,,,,,,,,,,,,,,,,,,,,,,,,,,,,,,,,,,,,
