,,,,,,,,,,,,,,,,,,,,,,,,,,,,,,,,,,,,,,,,,,,,,,,,,,,
,,,,,,,,,,,,,,,,,,,,,,,,,,,,,,,,,,,,,,,,H7,,,,,,,,,,,
,,,,,,,,,,,,,,,,,,,,,,,,,,,,,,,,,,,,,,,H7,H7,,,,,,,,,,,
,,,,,,,,,,,,,,,,,,,,,,,,,,,,,,,,,,,,H7,,H7,G4,H7,,,,,,,,,,,
,,,,,,,,,,,,,,,,,,,,,,,,,,,,,,,,,,,,H7,H7,G4,H7,,,,,,,,,,,,
,,,,,,,,,,,,,,,,,,,,H7,,,,,,,,,,,,,,,,H7,G4,G4,H7,,,,,,,,,,,,
,,,,,,,,,,,,,,,,,,,,H7,H7,,,,,,,,,,,,,,H7,G4,G4,G4,H7,,,,,,,,,,,,
,,,,,,,,,,,,,,,,,,,,,H7,H7,H7,,,,,,,,,,,H7,G4,G4,G4,G4,H7,,,,,,,,,,,,
,,,,,,,,,,,,,,,,,,,,,H7,G4,G4,H7,,,,,H7,,,,H7,G4,G4,G4,G4,M9,H7,,,,,,,,,,,,
,,,,,,,,,,,,,,,,,,,,,H7,M9,G4,G4,H7,H7,H7,H7,B26,H7,H7,H7,M9,M9,M9,G4,M9,H7,,,,,,,,,,,,,
,,,,,,,,,,,,,,,,,,,,,,H7,M9,G4,G4,G4,G4,H7,B26,B26,H7,M9,M9,M9,M9,M9,M9,H7,,,,,,,,,,,,,
,,,,,,,,,,,,,,,,,,,,,,H7,M9,M9,M9,M9,H7,B26,B26,B17,B26,H7,M9,M9,M9,M9,M9,H7,,,,,,,,,,,,,
,,,,,,,,,,,,,,,,,,,,,,,H7,G4,G4,H7,B26,B17,B26,B17,B17,B26,H7,M9,M9,M9,M9,H7,,,,,,,,,,,,,
,,,,,,,,,,,,,,,,,,,,,,,H7,G4,H7,B26,B17,B17,B26,B17,B17,B26,B26,H7,M9,M9,M9,H7,,,,,,,,,,,,,
,,,,,,,,,,,,,,,,,,,,,,,H7,M9,H7,B26,B17,B17,B26,B26,B26,B17,B26,H7,M9,M9,H7,,,,,,,,,,,,,,
,,,,,,,,,,H7,,,,,,,,,,,,,H7,H7,B26,B26,B17,B17,B26,B17,B17,B17,B17,B26,H7,M9,H7,,,,,,,,,,,,,,
,,,,,,,,,H7,F13,H7,,,,,,,,,,,,H7,B26,B17,B17,B26,B17,B26,B17,B17,B17,B26,B17,B26,H7,H7,,,,,,,,,,,,,,
,,,,,,,,,H7,F13,H7,H7,,,,H7,H7,H7,,,,,H7,B26,B17,B17,B17,B26,B26,B17,B17,B17,B26,B17,B26,H7,H7,,,,,,,,,,,,,,
,,,,,,,,H7,,H7,H16,H7,,,H7,H7,B17,H7,,,,H7,B26,B17,B17,B17,B17,B17,B26,B17,B17,B26,B17,B17,B17,B26,H7,,,,,,,,,,,,,,
,,,,,,,H7,F13,H7,H7,H7,H16,H7,,H7,B17,B17,H7,,,,H7,B26,B17,B17,B17,B17,B17,B26,B17,B26,B17,B17,B17,B26,B26,H7,,,,,,,,,,,,,,
,,,,,,,H7,F13,H7,,H7,H16,H7,,H7,B17,H7,H7,,,H7,B26,B17,B26,B17,B17,B17,B17,B17,B26,B17,B17,B17,B26,B17,B17,B26,H7,,,,,,,,,,,,,
,,,,,,,,H7,,,H7,H7,H7,,H7,H7,H7,,,,H7,B26,B17,B26,H7,H7,B17,B17,B17,B26,B17,B17,B17,B17,B17,B26,B26,H7,,,,,,,,,,,,,
,,,,,,H7,H7,H7,,,H7,F13,H7,,H7,,,,,,H7,B26,B17,H7,B26,B26,B17,B17,B17,B26,B17,B17,B17,B17,B17,B17,B26,H7,,,,,,,,,,,,,
,,,,,H7,B17,B17,B17,H7,,H7,F13,H7,H7,F13,H7,,,,,H7,B26,B17,B17,B17,B17,B17,B26,B17,B26,B26,B17,B17,H7,H7,B17,B26,B26,H7,,,,,,,,,,,,
,,,,,,H7,H7,H7,H7,H7,H7,H7,H16,H7,F13,H7,,H7,H7,H7,H7,B26,B17,B17,B17,B17,H7,B17,B26,B26,B17,B17,B17,H7,H7,B17,B26,B26,H7,,,,,,,,,,,,
,,,,,,,,,,,,,H7,H16,H7,,H7,B17,B17,H7,H7,B26,B17,B17,B17,H7,H7,H7,B17,B26,B17,B17,B17,B17,B17,B17,B17,B26,H7,,,,,,,,,,,,
,,,,,,,,,,,,,H7,H16,H7,H7,B17,B17,H7,,,H7,B26,B17,B17,H7,H7,H7,B17,H7,B17,B17,B17,B17,B17,B17,B26,H7,,,,,,,,,,,,,
,,,,,,,,H7,H7,H7,H7,,,H7,H16,H7,H7,H7,,,,H7,B26,B17,B17,B17,H7,B17,B17,H7,B17,B17,B26,B26,B17,B17,B26,H7,,,,,,,,,,,,,
,,,,,,,H7,B17,B17,B17,B17,H7,H7,H7,H16,H7,,,,,,,H7,B26,B17,B17,B17,B26,H7,G4,H7,B26,B17,B17,B17,B17,B26,H7,,,,,,,,,,,,,
,,,,,,H7,B17,B17,B17,H7,H7,,,H7,H16,H7,,,,,,,H7,B26,B17,B17,B17,B17,H7,G4,H7,B17,B17,B17,B17,B26,H7,,,,,,,,,,,,,,
,,,,,,,H7,H7,H7,,,,,,H7,H16,H7,,H7,,,,H7,B26,B17,B17,B17,H7,H7,H7,H7,H7,B17,B17,B17,B26,H7,,,,,H7,,,,,,,,,
,,,,,,,,,,,,,,,H7,H16,H7,,H7,H7,H7,H7,B26,B17,B17,B17,B17,H7,H7,H7,H7,H7,B17,B26,B17,B17,B26,H7,H7,H7,H7,H7,,,,,,,,,
,,,,,,,,,,,,,,,,H7,H16,H7,H7,B26,B26,B26,B17,B17,B17,B17,B17,B17,B26,B26,B26,B26,B17,B17,B26,B17,B17,B26,B26,B26,H7,,,,,,,,,,
,,,,,,,,,,,,,,,,H7,H16,H7,,H7,B26,B17,B26,B26,B26,B26,B26,B26,B26,H7,B26,B26,B26,B26,B26,B17,B17,B17,B26,B26,H7,,,,,,,,,,
,,,,,,,,,,,,,,,,H7,H16,H7,,H7,B26,B17,B26,B17,B17,B26,B17,B26,H7,M9,H7,B26,B26,B17,B26,B26,B26,B26,B26,H7,,,,,,,,,,,
,,,,,,,,,,,,,,,,,H7,H16,H7,,H7,B26,B26,B26,B17,B26,B17,B26,H7,M9,M9,H7,B26,B26,B26,B26,B17,B26,H7,,,,,,,,,,,,
,,,,,,,,,,,,,,,,,H7,H16,H7,,,H7,H7,H7,B26,B26,B26,H7,M9,M9,M9,M9,H7,H7,B26,B26,B26,H7,,,,,,,,,,,,,
,,,,,,,,,,,,,,,,,H7,H16,H7,,H7,M9,M9,G4,H7,H7,H7,M9,M9,M9,M9,M9,M9,M9,H7,H7,H7,H7,H7,,,,,,,,,,,,
,,,,,,,,,,,,,,,,,,H7,H16,H7,M9,M9,M9,G4,G4,G4,M9,M9,M9,M9,M9,M9,M9,M9,M9,M9,M9,M9,M9,H7,,,,,,,,,,,
,,,,,,,,,,,,,,,,,,H7,H16,H7,H7,H7,M9,G4,G4,G4,M9,M9,M9,M9,M9,M9,M9,M9,M9,M9,M9,M9,H7,H7,H7,,,,,,,,,,
,,,,,,,,,,,,,,,,,,H7,H7,H7,,,H7,G4,G4,G4,M9,M9,M9,M9,M9,M9,M9,M9,M9,M9,M9,H7,,,,,,,,,,,,,
,,,,,,,,,,,,,,,,,,,,,,,H7,G4,G4,G4,M9,M9,M9,M9,M9,M9,M9,M9,M9,M9,M9,H7,,,,,,,,,,,,,
,,,,,,,,,,,,,,,,,,,,,,,H7,G4,G4,G4,G4,M9,M9,M9,M9,M9,M9,M9,M9,M9,M9,H7,,,,,,,,,,,,,
,,,,,,,,,,,,,,,,,,,,,,,H7,G4,G4,G4,G4,M9,M9,M9,M9,M9,M9,M9,M9,M9,M9,H7,,,,,,,,,,,,,
,,,,,,,,,,,,,,,,,,,,,,,,H7,G4,G4,G4,G4,M9,M9,M9,M9,M9,M9,M9,M9,H7,,,,,,,,,,,,,,
,,,,,,,,,,,,,,,,,,,,,,,,H7,G4,G4,G4,M9,M9,M9,M9,M9,M9,M9,M9,M9,H7,,,,,,,,,,,,,,
,,,,,,,,,,,,,,,,,,,,,,,,H7,M9,M9,G4,M9,H7,H7,H7,M9,M9,M9,M9,H7,,,,,,,,,,,,,,,
,,,,,,,,,,,,,,,,,,,,,,,,,H7,G4,G4,H7,,,,H7,G4,G4,M9,H7,,,,,,,,,,,,,,,
,,,,,,,,,,,,,,,,,,,,,,,,,H7,G4,H7,,,,,,H7,G4,H7,,,,,,,,,,,,,,,,
,,,,,,,,,,,,,,,,,,,,,,,,,H7,G4,H7,,,,,,H7,G4,H7,,,,,,,,,,,,,,,,
,,,,,,,,,,,,,,,,,,,,,,,,,,H7,H7,,,,,,H7,H7,,,,,,,,,,,,,,,,,
,,,,,,,,,,,,,,,,,,,,,,,,,,,,,,,,,,,,,,,,,,,,,,,,,,,
